date,model,launched,destroyed,refugees,aircraft,helicopter,tank,APC,field_artillery,MRL,drone,naval_ship,anti_aircraft_warfare,special_equipment,vehicles_and_fuel_tanks,cruise_missiles,submarines,personnel
2022-09-28,X-59,5,4,7533851,262,224,2312,4889,1381,331,989,15,175,131,3742,242,,58150
2022-09-28,Reconnaissance UAV,3,3,7533851,262,224,2312,4889,1381,331,989,15,175,131,3742,242,,58150
2022-09-29,Shahed-136/131,7,5,,262,224,2325,4909,1385,331,995,15,175,131,3751,246,,58580
2022-09-30,Orlan-10,3,3,7538397,264,225,2338,4932,1391,333,1003,15,176,131,3768,246,,59080
2022-10-01,Orlan-10,1,1,,264,226,2354,4949,1397,336,1009,15,176,131,3786,246,,59610
2022-10-02,Shahed-136/131,7,5,7540367,264,227,2377,4975,1405,337,1015,15,176,131,3796,246,,60110
2022-10-04,Shahed-136/131,1,1,7647426,266,228,2424,5018,1407,340,1028,15,177,131,3823,246,,60800
2022-10-05,Shahed-136/131,6,6,,266,232,2435,5038,1414,341,1032,15,177,132,3841,246,,61000
2022-10-05,Orlan-10,1,1,,266,232,2435,5038,1414,341,1032,15,177,132,3841,246,,61000
2022-10-06,Shahed-136/131,9,9,,266,232,2449,5064,1424,344,1047,15,177,134,3854,246,,61330
2022-10-06,Mohajer-6,1,1,,266,232,2449,5064,1424,344,1047,15,177,134,3854,246,,61330
2022-10-06,Shahed-136/131,2,2,,266,232,2449,5064,1424,344,1047,15,177,134,3854,246,,61330
2022-10-06,Shahed-136/131,3,3,,266,232,2449,5064,1424,344,1047,15,177,134,3854,246,,61330
2022-10-06,Orlan-10,1,1,,266,232,2449,5064,1424,344,1047,15,177,134,3854,246,,61330
2022-10-06,Mohajer-6,1,1,,266,232,2449,5064,1424,344,1047,15,177,134,3854,246,,61330
2022-10-07,Shahed-136/131,3,3,7647769,266,233,2466,5093,1455,344,1067,15,177,135,3862,246,,61680
2022-10-08,Shahed-136/131,1,1,7652542,266,234,2472,5111,1459,345,1079,15,180,136,3875,246,,62060
2022-10-08,Unknown UAV,2,2,7652542,266,234,2472,5111,1459,345,1079,15,180,136,3875,246,,62060
2022-10-09,X-22,4,0,7653676,266,235,2486,5133,1477,348,1086,15,180,136,3890,247,,62500
2022-10-09,X-59,2,1,7653676,266,235,2486,5133,1477,348,1086,15,180,136,3890,247,,62500
2022-10-09,C-300,16,0,7653676,266,235,2486,5133,1477,348,1086,15,180,136,3890,247,,62500
2022-10-10,X-101 and Kalibr,42,20,7676357,267,235,2495,5149,1486,353,1097,15,181,136,3908,249,,62870
2022-10-10,X-101 and Kalibr,42,20,7676357,267,235,2495,5149,1486,353,1097,15,181,136,3908,249,,62870
2022-10-10,X-555 and Kalibr,42,21,7676357,267,235,2495,5149,1486,353,1097,15,181,136,3908,249,,62870
2022-10-10,Unknown UAV,11,3,7676357,267,235,2495,5149,1486,353,1097,15,181,136,3908,249,,62870
2022-10-10,Shahed-136/131,13,10,7676357,267,235,2495,5149,1486,353,1097,15,181,136,3908,249,,62870
2022-10-10,Shahed-136/131,13,13,7676357,267,235,2495,5149,1486,353,1097,15,181,136,3908,249,,62870
2022-10-11,Shahed-136/131,8,8,7678757,268,235,2504,5162,1496,353,1114,15,181,136,3916,295,,63110
2022-10-11,Shahed-136/131,13,13,7678757,268,235,2504,5162,1496,353,1114,15,181,136,3916,295,,63110
2022-10-11,X-101 and Kalibr,14,10,7678757,268,235,2504,5162,1496,353,1114,15,181,136,3916,295,,63110
2022-10-11,X-555 and Kalibr,14,10,7678757,268,235,2504,5162,1496,353,1114,15,181,136,3916,295,,63110
2022-10-12,Shahed-136/131,17,17,7678820,268,235,2505,5181,1507,355,1129,15,182,136,3927,315,,63380
2022-10-12,Lancet,2,2,7678820,268,235,2505,5181,1507,355,1129,15,182,136,3927,315,,63380
2022-10-13,Shahed-136/131,6,6,,268,240,2511,5167,1556,357,1182,16,183,140,3935,316,,63800
2022-10-13,Kalibr,5,5,,268,240,2511,5167,1556,357,1182,16,183,140,3935,316,,63800
2022-10-14,Shahed-136/131,8,8,7680308,268,240,2521,5172,1566,362,1199,16,186,142,3944,316,,64300
2022-10-15,Shahed-136/131,6,6,,268,242,2524,5179,1582,365,1210,16,186,142,3951,316,,64700
2022-10-16,Shahed-136/131,11,11,7681929,268,242,2529,5193,1589,365,1224,16,186,143,3959,316,,65000
2022-10-17,Shahed-136/131,15,15,7696281,268,242,2537,5205,1599,366,1241,16,187,144,3969,316,,65320
2022-10-17,Unknown Missile,3,3,7696281,268,242,2537,5205,1599,366,1241,16,187,144,3969,316,,65320
2022-10-17,Shahed-136/131,11,11,7696281,268,242,2537,5205,1599,366,1241,16,187,144,3969,316,,65320
2022-10-17,Kalibr,2,2,7696281,268,242,2537,5205,1599,366,1241,16,187,144,3969,316,,65320
2022-10-17,Shahed-136/131,8,8,7696281,268,242,2537,5205,1599,366,1241,16,187,144,3969,316,,65320
2022-10-18,Shahed-136/131,6,6,7710024,268,242,2548,5219,1622,372,1276,16,188,144,3985,318,,65850
2022-10-18,X-101/X-555,1,1,7710024,268,242,2548,5219,1622,372,1276,16,188,144,3985,318,,65850
2022-10-18,Kalibr,4,4,7710024,268,242,2548,5219,1622,372,1276,16,188,144,3985,318,,65850
2022-10-19,Shahed-136/131,13,13,7710924,269,242,2554,5235,1637,372,1286,16,189,146,3999,323,,66280
2022-10-19,X-101/X-555,6,4,7710924,269,242,2554,5235,1637,372,1286,16,189,146,3999,323,,66280
2022-10-19,Shahed-136/131,10,10,7710924,269,242,2554,5235,1637,372,1286,16,189,146,3999,323,,66280
2022-10-20,Shahed-136/131,14,14,,269,243,2567,5255,1646,372,1311,16,189,147,4005,329,,66650
2022-10-22,Shahed-136/131,10,10,,270,243,2579,5266,1653,373,1341,16,189,148,4021,329,,67070
2022-10-22,Kalibr,16,5,,270,243,2579,5266,1653,373,1341,16,189,148,4021,329,,67070
2022-10-22,X-101/X-555,17,13,,270,243,2579,5266,1653,373,1341,16,189,148,4021,329,,67070
2022-10-23,Shahed-136/131,16,16,7713382,270,245,2584,5284,1667,374,1361,16,189,148,4039,350,,67470
2022-10-25,Shahed-136/131,2,2,7753069,271,248,2611,5321,1674,377,1372,16,190,149,4054,350,,68420
2022-10-25,Shahed-136/131,1,1,7753069,271,248,2611,5321,1674,377,1372,16,190,149,4054,350,,68420
2022-10-26,Shahed-136/131,20,19,7753073,271,248,2628,5351,1686,379,1379,16,192,149,4076,350,,68900
2022-10-26,X-59,1,1,7753073,271,248,2628,5351,1686,379,1379,16,192,149,4076,350,,68900
2022-10-31,X-101/X-555,50,44,7777423,275,253,2686,5485,1728,383,1413,16,197,154,4128,352,,71820
2022-11-01,Shahed-136/131,3,3,7785514,276,257,2698,5501,1730,383,1415,16,197,154,4143,397,,72470
2022-11-01,Shahed-136/131,3,3,7785514,276,257,2698,5501,1730,383,1415,16,197,154,4143,397,,72470
2022-11-01,Reconnaissance UAV,1,1,7785514,276,257,2698,5501,1730,383,1415,16,197,154,4143,397,,72470
2022-11-01,Shahed-136/131,13,12,7785514,276,257,2698,5501,1730,383,1415,16,197,154,4143,397,,72470
2022-11-03,Shahed-136/131,9,9,,277,258,2734,5552,1755,390,1442,16,198,155,4162,397,,74000
2022-11-04,Kalibr,2,2,,277,258,2750,5580,1772,391,1450,16,201,155,4174,397,,74840
2022-11-04,Reconnaissance UAV,3,3,,277,258,2750,5580,1772,391,1450,16,201,155,4174,397,,74840
2022-11-04,Shahed-136/131,11,11,,277,258,2750,5580,1772,391,1450,16,201,155,4174,397,,74840
2022-11-09,Shahed-136/131,5,5,,278,260,2801,5666,1802,393,1483,16,205,159,4227,399,,77950
2022-11-09,Orlan-10,1,1,,278,260,2801,5666,1802,393,1483,16,205,159,4227,399,,77950
2022-11-14,Unknown UAV,2,2,7827555,278,261,2848,5748,1839,393,1509,16,206,160,4316,399,,81370
2022-11-15,X-101/X-555,50,40,7843714,278,261,2861,5773,1850,393,1511,16,208,160,4351,399,,82080
2022-11-15,Kalibr,46,35,7843714,278,261,2861,5773,1850,393,1511,16,208,160,4351,399,,82080
2022-11-15,X-59,2,2,7843714,278,261,2861,5773,1850,393,1511,16,208,160,4351,399,,82080
2022-11-15,Shahed-136/131,10,10,7843714,278,261,2861,5773,1850,393,1511,16,208,160,4351,399,,82080
2022-11-15,Orlan-10,1,1,7843714,278,261,2861,5773,1850,393,1511,16,208,160,4351,399,,82080
2022-11-15,Orion,1,1,7843714,278,261,2861,5773,1850,393,1511,16,208,160,4351,399,,82080
2022-11-17,X-101/X-555,18,4,,278,261,2878,5804,1860,393,1531,16,209,160,4362,474,,83110
2022-11-17,X-59,2,2,,278,261,2878,5804,1860,393,1531,16,209,160,4362,474,,83110
2022-11-17,Shahed-136/131,5,5,,278,261,2878,5804,1860,393,1531,16,209,160,4362,474,,83110
2022-11-23,Lancet,5,5,,278,261,2897,5832,1887,395,1537,16,209,161,4396,480,,85410
2022-11-23,X-101/X-555,40,30,,278,261,2897,5832,1887,395,1537,16,209,161,4396,480,,85410
2022-11-23,Kalibr,30,21,,278,261,2897,5832,1887,395,1537,16,209,161,4396,480,,85410
2022-12-05,X-101/X-555,38,38,7906463,281,264,2924,5900,1914,395,1582,16,211,163,4497,531,,91690
2022-12-05,Kalibr,22,22,7906463,281,264,2924,5900,1914,395,1582,16,211,163,4497,531,,91690
2022-12-05,X-22,3,0,7906463,281,264,2924,5900,1914,395,1582,16,211,163,4497,531,,91690
2022-12-05,X-59,6,0,7906463,281,264,2924,5900,1914,395,1582,16,211,163,4497,531,,91690
2022-12-05,X-31P,1,0,7906463,281,264,2924,5900,1914,395,1582,16,211,163,4497,531,,91690
2022-12-07,Unknown UAV,2,2,,281,264,2935,5909,1923,395,1601,16,211,163,4526,592,,92740
2022-12-07,Orlan-10,1,1,,281,264,2935,5909,1923,395,1601,16,211,163,4526,592,,92740
2022-12-07,Shahed-136/131,11,11,,281,264,2935,5909,1923,395,1601,16,211,163,4526,592,,92740
2022-12-10,Shahed-136/131,15,10,7841172,281,264,2940,5917,1927,397,1603,16,211,167,4535,592,,93760
2022-12-14,Shahed-136/131,13,13,,281,264,2970,5937,1931,404,1617,16,211,171,4562,592,,96000
2022-12-16,X-101/X-555,25,19,,281,264,2980,5952,1946,410,1648,16,211,172,4563,592,,97270
2022-12-16,X-22,25,21,,281,264,2980,5952,1946,410,1648,16,211,172,4563,592,,97270
2022-12-16,Kalibr,22,20,,281,264,2980,5952,1946,410,1648,16,211,172,4563,592,,97270
2022-12-16,X-59,3,0,,281,264,2980,5952,1946,410,1648,16,211,172,4563,592,,97270
2022-12-16,X-31P,1,0,,281,264,2980,5952,1946,410,1648,16,211,172,4563,592,,97270
2022-12-16,C-300,27,0,,281,264,2980,5952,1946,410,1648,16,211,172,4563,592,,97270
2022-12-19,Shahed-136/131,35,30,7845182,281,264,2988,5969,1953,410,1657,16,212,175,4592,653,,98800
2022-12-20,Orion,1,1,7864898,281,266,2995,5974,1960,410,1680,16,212,177,4599,653,,99230
2022-12-20,Unknown UAV,1,1,7864898,281,266,2995,5974,1960,410,1680,16,212,177,4599,653,,99230
2022-12-22,X-59MK2,1,1,7877290,283,267,3002,5981,1978,413,1693,16,212,178,4615,653,,100400
2022-12-29,Orlan-10,1,1,7897159,283,268,3018,6047,2004,423,1717,16,212,179,4675,653,,104560
2022-12-29,Orlan-10,3,3,7897159,283,268,3018,6047,2004,423,1717,16,212,179,4675,653,,104560
2022-12-29,X-101/X-555,30,28,7897159,283,268,3018,6047,2004,423,1717,16,212,179,4675,653,,104560
2022-12-29,Kalibr,32,30,7897159,283,268,3018,6047,2004,423,1717,16,212,179,4675,653,,104560
2022-12-29,X-31P,2,0,7897159,283,268,3018,6047,2004,423,1717,16,212,179,4675,653,,104560
2022-12-29,X-22 and X-32,6,0,7897159,283,268,3018,6047,2004,423,1717,16,212,179,4675,653,,104560
2022-12-29,X-22 and X-32,6,0,7897159,283,268,3018,6047,2004,423,1717,16,212,179,4675,653,,104560
2022-12-30,Shahed-136/131,16,16,7891853,283,268,3026,6059,2010,423,1740,16,212,180,4683,711,,105250
2022-12-31,Orlan-10,1,1,6276837,283,269,3029,6075,2016,423,1746,16,213,180,4707,711,,105960
2022-12-31,Unknown Missile,20,12,6276837,283,269,3029,6075,2016,423,1746,16,213,180,4707,711,,105960
2023-01-01,Shahed-136/131,45,45,6280218,283,269,3031,6084,2021,423,1792,16,213,181,4720,723,,106720
2023-01-02,Shahed-136/131,39,39,6283666,283,269,3031,6093,2027,423,1836,16,213,181,4725,723,,107440
2023-01-02,X-59,1,1,6283666,283,269,3031,6093,2027,423,1836,16,213,181,4725,723,,107440
2023-01-02,Orlan-10,1,1,6283666,283,269,3031,6093,2027,423,1836,16,213,181,4725,723,,107440
2023-01-11,Orlan-10,1,1,,285,275,3094,6159,2078,437,1862,17,217,184,4826,723,,112960
2023-01-11,Orlan-10,1,1,,285,275,3094,6159,2078,437,1862,17,217,184,4826,723,,112960
2023-01-11,Unknown UAV,1,1,,285,275,3094,6159,2078,437,1862,17,217,184,4826,723,,112960
2023-01-12,Orlan-10,1,1,6345453,285,276,3094,6159,2082,437,1865,17,218,184,4826,723,,113390
2023-01-14,X-101/X-555,16,14,,286,276,3104,6173,2090,437,1867,17,219,186,4846,723,,114660
2023-01-14,Kalibr,7,4,,286,276,3104,6173,2090,437,1867,17,219,186,4846,723,,114660
2023-01-14,X-59,10,7,,286,276,3104,6173,2090,437,1867,17,219,186,4846,723,,114660
2023-01-14,X-22,4,0,,286,276,3104,6173,2090,437,1867,17,219,186,4846,723,,114660
2023-01-14,X-22,1,0,,286,276,3104,6173,2090,437,1867,17,219,186,4846,723,,114660
2023-01-20,Merlin-VR,1,1,6367246,287,277,3139,6241,2129,442,1886,17,220,190,4903,749,,119300
2023-01-20,Orlan-10,1,1,6367246,287,277,3139,6241,2129,442,1886,17,220,190,4903,749,,119300
2023-01-23,X-59,2,2,6373363,287,277,3150,6276,2146,447,1894,18,220,193,4936,749,,121480
2023-01-23,Orlan-10,1,1,6373363,287,277,3150,6276,2146,447,1894,18,220,193,4936,749,,121480
2023-01-25,Orlan-10,1,1,,290,281,3161,6307,2154,450,1902,18,220,194,4967,749,,123080
2023-01-26,Shahed-136/131,24,24,6374745,292,282,3175,6334,2169,452,1908,18,220,195,4986,749,,123860
2023-01-26,X-101/X-555,40,40,6374745,292,282,3175,6334,2169,452,1908,18,220,195,4986,749,,123860
2023-01-26,X-59,4,0,6374745,292,282,3175,6334,2169,452,1908,18,220,195,4986,749,,123860
2023-01-26,Kalibr,9,7,6374745,292,282,3175,6334,2169,452,1908,18,220,195,4986,749,,123860
2023-01-26,X-47 Kinzhal,2,0,6374745,292,282,3175,6334,2169,452,1908,18,220,195,4986,749,,123860
2023-02-09,Orion,1,1,,295,285,3255,6468,2244,463,1967,18,232,211,5121,796,,135010
2023-02-09,X-101/X-555,43,38,,295,285,3255,6468,2244,463,1967,18,232,211,5121,796,,135010
2023-02-09,Kalibr,28,23,,295,285,3255,6468,2244,463,1967,18,232,211,5121,796,,135010
2023-02-09,C-300,35,0,,295,285,3255,6468,2244,463,1967,18,232,211,5121,796,,135010
2023-02-09,Shahed-136/131,7,5,,295,285,3255,6468,2244,463,1967,18,232,211,5121,796,,135010
2023-02-10,Shahed-136/131,20,20,6436331,295,286,3258,6471,2251,463,1970,18,233,211,5126,796,,135740
2023-02-11,Orlan-10,1,1,,295,286,3267,6474,2270,463,1997,18,234,214,5134,857,,136880
2023-02-11,Shahed-136/131,4,4,,295,286,3267,6474,2270,463,1997,18,234,214,5134,857,,136880
2023-02-15,Unknown UAV,1,1,6457482,298,286,3290,6507,2303,466,2011,18,236,219,5161,857,,139770
2023-02-16,X-101/X-555,12,10,6457931,298,287,3296,6517,2306,466,2012,18,239,219,5167,857,,140460
2023-02-16,Kalibr,8,4,6457931,298,287,3296,6517,2306,466,2012,18,239,219,5167,857,,140460
2023-02-16,X-22,12,0,6457931,298,287,3296,6517,2306,466,2012,18,239,219,5167,857,,140460
2023-02-16,X-59,1,1,6457931,298,287,3296,6517,2306,466,2012,18,239,219,5167,857,,140460
2023-02-16,X-31,1,1,6457931,298,287,3296,6517,2306,466,2012,18,239,219,5167,857,,140460
2023-02-16,P-800 Oniks,1,0,6457931,298,287,3296,6517,2306,466,2012,18,239,219,5167,857,,140460
2023-02-18,Kalibr,4,2,,298,287,3303,6533,2326,469,2016,18,243,223,5196,871,,142270
2023-02-27,Shahed-136/131,14,11,6478427,300,288,3385,6621,2380,475,2048,18,247,230,5248,873,,148690
2023-03-01,Shahed-136/131,4,4,,300,288,3395,6638,2393,479,2055,18,247,230,5257,873,,149890
2023-03-06,Shahed-136/131,15,13,6482641,302,289,3423,6703,2433,488,2086,18,250,234,5307,873,,153770
2023-03-08,Shahed-136/131,2,2,,303,289,3436,6723,2463,488,2098,18,253,236,5330,873,,155530
2023-03-09,X-101/X-555,28,20,6484518,303,289,3441,6736,2465,488,2098,18,254,237,5331,873,,156120
2023-03-09,Kalibr,20,14,6484518,303,289,3441,6736,2465,488,2098,18,254,237,5331,873,,156120
2023-03-09,X-22,6,0,6484518,303,289,3441,6736,2465,488,2098,18,254,237,5331,873,,156120
2023-03-09,X-47 Kinzhal,6,0,6484518,303,289,3441,6736,2465,488,2098,18,254,237,5331,873,,156120
2023-03-09,X-31P,2,0,6484518,303,289,3441,6736,2465,488,2098,18,254,237,5331,873,,156120
2023-03-09,X-59,6,0,6484518,303,289,3441,6736,2465,488,2098,18,254,237,5331,873,,156120
2023-03-09,C-300,13,0,6484518,303,289,3441,6736,2465,488,2098,18,254,237,5331,873,,156120
2023-03-09,Shahed-136/131,8,4,6484518,303,289,3441,6736,2465,488,2098,18,254,237,5331,873,,156120
2023-03-14,X-31P,4,0,6514643,304,289,3484,6789,2519,495,2120,18,260,256,5367,907,,160540
2023-03-17,Shahed-136/131,16,11,6517826,305,290,3506,6823,2552,504,2145,18,265,258,5401,907,,163320
2023-03-21,X-59,2,2,6534525,305,290,3552,6879,2586,507,2167,18,270,266,5428,907,,166570
2023-03-21,Shahed-136/131,21,16,6534525,305,290,3552,6879,2586,507,2167,18,270,266,5428,907,,166570
2023-03-23,X-59,2,2,6534597,305,290,3570,6898,2608,511,2203,18,273,273,5452,909,,168150
2023-03-27,KAB,2,0,6547812,305,291,3595,6953,2638,523,2216,18,277,285,5493,911,,171160
2023-03-27,Granat-4,1,1,6547812,305,291,3595,6953,2638,523,2216,18,277,285,5493,911,,171160
2023-03-27,Shahed-136/131,13,12,6547812,305,291,3595,6953,2638,523,2216,18,277,285,5493,911,,171160
2023-03-30,Shahed-136/131,10,9,,306,291,3610,6974,2671,526,2239,18,278,291,5518,911,,172900
2023-04-04,Shahed-136/131,17,14,6552432,306,291,3627,6999,2697,528,2277,18,280,298,5562,911,,175690
2023-04-08,Supercam,1,1,6549287,307,292,3636,7020,2727,533,2298,18,282,304,5599,911,,177680
2023-04-10,Orlan-10,1,1,6555793,307,292,3637,7028,2750,534,2323,18,282,311,5607,911,,178820
2023-04-10,Merlin-VR,1,1,6555793,307,292,3637,7028,2750,534,2323,18,282,311,5607,911,,178820
2023-04-18,Shahed-136/131,8,6,6561527,308,293,3661,7098,2810,538,2353,18,285,330,5676,911,,183130
2023-04-18,Orlan-10,1,1,6561527,308,293,3661,7098,2810,538,2353,18,285,330,5676,911,,183130
2023-04-19,Shahed-136/131,12,10,6563587,308,293,3665,7110,2819,538,2376,18,285,330,5692,911,,183750
2023-04-19,Shahed-136/131,11,10,6563587,308,293,3665,7110,2819,538,2376,18,285,330,5692,911,,183750
2023-04-21,Shahed-136/131,12,8,6562742,308,293,3668,7126,2827,539,2394,18,285,334,5713,911,,185050
2023-04-21,Shahed-136/131,5,4,6562742,308,293,3668,7126,2827,539,2394,18,285,334,5713,911,,185050
2023-04-22,Lancet,4,4,,308,293,3672,7130,2832,539,2398,18,289,337,5718,911,,185730
2023-04-23,Merlin-VR,1,1,6564488,308,294,3675,7131,2837,539,2402,18,289,339,5730,911,,186420
2023-04-24,Shahed-136/131,6,6,6565507,308,294,3683,7139,2849,539,2413,18,289,339,5753,911,,187080
2023-04-24,Lancet,2,2,6565507,308,294,3683,7139,2849,539,2413,18,289,339,5753,911,,187080
2023-04-24,Unknown UAV,1,1,6565507,308,294,3683,7139,2849,539,2413,18,289,339,5753,911,,187080
2023-04-26,Lancet,5,5,6566198,308,294,3692,7162,2877,539,2440,18,292,352,5792,911,,188410
2023-04-26,Merlin-VR,1,1,6566198,308,294,3692,7162,2877,539,2440,18,292,352,5792,911,,188410
2023-04-28,Unknown UAV,2,2,6565023,308,294,3694,7181,2905,543,2467,18,294,353,5819,911,,189460
2023-04-28,X-101/X-555,23,21,6565023,308,294,3694,7181,2905,543,2467,18,294,353,5819,911,,189460
2023-04-29,Shahed-136/131,2,2,6562162,308,294,3697,7184,2908,543,2471,18,294,355,5836,932,,190040
2023-04-29,Unknown UAV,1,1,6562162,308,294,3697,7184,2908,543,2471,18,294,355,5836,932,,190040
2023-05-01,X-101/X-555,18,15,6607874,308,294,3700,7192,2921,544,2476,18,295,359,5845,932,,190960
2023-05-02,Shahed-136/131,26,21,6609984,308,294,3701,7193,2930,544,2477,18,298,360,5851,947,,191420
2023-05-03,Lancet,2,2,,308,294,3702,7199,2946,544,2505,18,300,363,5865,947,,191940
2023-05-03,Merlin-VR,1,1,,308,294,3702,7199,2946,544,2505,18,300,363,5865,947,,191940
2023-05-03,Unknown UAV,1,1,,308,294,3702,7199,2946,544,2505,18,300,363,5865,947,,191940
2023-05-04,Shahed-136/131,24,18,,308,294,3707,7216,2962,547,2523,18,304,370,5886,947,,192590
2023-05-04,Unknown UAV,1,1,,308,294,3707,7216,2962,547,2523,18,304,370,5886,947,,192590
2023-05-04,X-47 Kinzhal,1,1,,308,294,3707,7216,2962,547,2523,18,304,370,5886,947,,192590
2023-05-05,Shahed-136/131,2,2,6609930,308,294,3710,7224,2978,550,2540,18,304,373,5916,947,,193210
2023-05-06,Shahed-136/131,8,8,6607988,308,294,3717,7238,2992,552,2554,18,306,375,5936,947,,193770
2023-05-06,Lancet,1,1,6607988,308,294,3717,7238,2992,552,2554,18,306,375,5936,947,,193770
2023-05-06,Unknown UAV,4,4,6607988,308,294,3717,7238,2992,552,2554,18,306,375,5936,947,,193770
2023-05-08,Unknown Missile,8,0,6610415,308,294,3730,7253,3018,554,2614,18,306,384,5958,947,,194970
2023-05-08,Shahed-136/131,35,35,6610415,308,294,3730,7253,3018,554,2614,18,306,384,5958,947,,194970
2023-05-08,Lancet,2,2,6610415,308,294,3730,7253,3018,554,2614,18,306,384,5958,947,,194970
2023-05-08,ZALA,1,1,6610415,308,294,3730,7253,3018,554,2614,18,306,384,5958,947,,194970
2023-05-08,Kalibr,8,8,6610415,308,294,3730,7253,3018,554,2614,18,306,384,5958,947,,194970
2023-05-09,X-101/X-555,17,15,6613551,308,294,3734,7257,3031,554,2618,18,307,388,5969,955,,195620
2023-05-09,Shahed-136/131,3,3,6613551,308,294,3734,7257,3031,554,2618,18,307,388,5969,955,,195620
2023-05-12,Lancet,4,4,6615261,308,294,3745,7295,3068,559,2636,18,312,393,5996,970,,197670
2023-05-13,Shahed-136/131,21,17,,308,294,3751,7307,3095,561,2665,18,314,402,6011,970,,198260
2023-05-13,Orlan-10,1,1,,308,294,3751,7307,3095,561,2665,18,314,402,6011,970,,198260
2023-05-14,Shahed-136/131,18,18,6628318,308,294,3756,7325,3116,562,2696,18,314,404,6018,970,,198880
2023-05-14,Lancet,1,1,6628318,308,294,3756,7325,3116,562,2696,18,314,404,6018,970,,198880
2023-05-14,Orlan-10,2,2,6628318,308,294,3756,7325,3116,562,2696,18,314,404,6018,970,,198880
2023-05-14,Unknown UAV,4,4,6628318,308,294,3756,7325,3116,562,2696,18,314,404,6018,970,,198880
2023-05-14,X-101/X-555,3,3,6628318,308,294,3756,7325,3116,562,2696,18,314,404,6018,970,,198880
2023-05-14,Orlan-10,2,2,6628318,308,294,3756,7325,3116,562,2696,18,314,404,6018,970,,198880
2023-05-14,ZALA,1,1,6628318,308,294,3756,7325,3116,562,2696,18,314,404,6018,970,,198880
2023-05-14,Orlan-10,1,1,6628318,308,294,3756,7325,3116,562,2696,18,314,404,6018,970,,198880
2023-05-14,Shahed-136/131,4,4,6628318,308,294,3756,7325,3116,562,2696,18,314,404,6018,970,,198880
2023-05-15,Orlan-10,1,1,6639172,308,294,3759,7336,3137,562,2720,18,316,407,6034,973,,199460
2023-05-15,Lancet,2,2,6639172,308,294,3759,7336,3137,562,2720,18,316,407,6034,973,,199460
2023-05-15,Supercam,1,1,6639172,308,294,3759,7336,3137,562,2720,18,316,407,6034,973,,199460
2023-05-16,X-47 Kinzhal,6,6,6641022,308,294,3762,7348,3150,562,2732,18,316,410,6048,973,,199980
2023-05-16,Kalibr,9,9,6641022,308,294,3762,7348,3150,562,2732,18,316,410,6048,973,,199980
2023-05-16,Iskander-M,6,6,6641022,308,294,3762,7348,3150,562,2732,18,316,410,6048,973,,199980
2023-05-16,C-400,4,4,6641022,308,294,3762,7348,3150,562,2732,18,316,410,6048,973,,199980
2023-05-16,Shahed-136/131,6,6,6641022,308,294,3762,7348,3150,562,2732,18,316,410,6048,973,,199980
2023-05-16,Orlan-10,1,1,6641022,308,294,3762,7348,3150,562,2732,18,316,410,6048,973,,199980
2023-05-16,Supercam,2,2,6641022,308,294,3762,7348,3150,562,2732,18,316,410,6048,973,,199980
2023-05-16,Orlan-10,1,1,6641022,308,294,3762,7348,3150,562,2732,18,316,410,6048,973,,199980
2023-05-16,Unknown UAV,1,1,6641022,308,294,3762,7348,3150,562,2732,18,316,410,6048,973,,199980
2023-05-17,Unknown UAV,2,2,6641065,308,294,3771,7365,3166,562,2748,18,318,417,6067,982,,200590
2023-05-17,Shahed-136/131,2,2,6641065,308,294,3771,7365,3166,562,2748,18,318,417,6067,982,,200590
2023-05-17,X-101/X-555,22,21,6641065,308,294,3771,7365,3166,562,2748,18,318,417,6067,982,,200590
2023-05-17,Kalibr,6,6,6641065,308,294,3771,7365,3166,562,2748,18,318,417,6067,982,,200590
2023-05-17,Iskander-K,2,2,6641065,308,294,3771,7365,3166,562,2748,18,318,417,6067,982,,200590
2023-05-19,Kalibr,6,3,6641500,308,294,3777,7377,3210,564,2769,18,319,419,6083,1011,,201760
2023-05-19,Shahed-136/131,22,16,6641500,308,294,3777,7377,3210,564,2769,18,319,419,6083,1011,,201760
2023-05-19,Shahed-136/131,2,2,6641500,308,294,3777,7377,3210,564,2769,18,319,419,6083,1011,,201760
2023-05-19,Merlin-VR,1,1,6641500,308,294,3777,7377,3210,564,2769,18,319,419,6083,1011,,201760
2023-05-20,Shahed-136/131,18,18,6640727,308,294,3781,7382,3229,564,2801,18,325,423,6103,1011,,202430
2023-05-20,Shahed-136/131,3,3,6640727,308,294,3781,7382,3229,564,2801,18,325,423,6103,1011,,202430
2023-05-20,Merlin-VR,1,1,6640727,308,294,3781,7382,3229,564,2801,18,325,423,6103,1011,,202430
2023-05-20,Orlan-10,1,1,6640727,308,294,3781,7382,3229,564,2801,18,325,423,6103,1011,,202430
2023-05-20,Shahed-136/131,4,4,6640727,308,294,3781,7382,3229,564,2801,18,325,423,6103,1011,,202430
2023-05-21,Merlin-VR,1,1,6646103,308,294,3783,7398,3258,564,2822,18,327,425,6115,1011,,203160
2023-05-21,Orlan-10,1,1,6646103,308,294,3783,7398,3258,564,2822,18,327,425,6115,1011,,203160
2023-05-21,ZALA,1,1,6646103,308,294,3783,7398,3258,564,2822,18,327,425,6115,1011,,203160
2023-05-22,Shahed-136/131,20,20,6649854,309,294,3785,7407,3278,565,2830,18,327,427,6129,1011,,203880
2023-05-22,X-101/X-555,4,4,6649854,309,294,3785,7407,3278,565,2830,18,327,427,6129,1011,,203880
2023-05-22,X-22,5,0,6649854,309,294,3785,7407,3278,565,2830,18,327,427,6129,1011,,203880
2023-05-22,Iskander-M,2,0,6649854,309,294,3785,7407,3278,565,2830,18,327,427,6129,1011,,203880
2023-05-22,C-300,5,0,6649854,309,294,3785,7407,3278,565,2830,18,327,427,6129,1011,,203880
2023-05-22,Merlin-VR,2,2,6649854,309,294,3785,7407,3278,565,2830,18,327,427,6129,1011,,203880
2023-05-23,Shahed-136/131,6,6,6660295,309,295,3789,7419,3318,565,2864,18,327,433,6139,1015,,204360
2023-05-25,Shahed-136/131,36,36,,309,296,3795,7432,3359,570,2907,18,327,444,6148,1015,,205260
2023-05-25,Shahed-136/131,31,23,,309,296,3795,7432,3359,570,2907,18,327,444,6148,1015,,205260
2023-05-25,C-300 and C-400,7,0,,309,296,3795,7432,3359,570,2907,18,327,444,6148,1015,,205260
2023-05-25,X-101/X-555,10,10,,309,296,3795,7432,3359,570,2907,18,327,444,6148,1015,,205260
2023-05-25,Orlan-10,1,1,,309,296,3795,7432,3359,570,2907,18,327,444,6148,1015,,205260
2023-05-25,Merlin-VR,1,1,,309,296,3795,7432,3359,570,2907,18,327,444,6148,1015,,205260
2023-05-28,Shahed-136/131,54,52,,313,298,3797,7456,3425,574,2993,18,329,451,6192,1056,,206600
2023-05-29,X-101/X-555,40,37,,313,298,3801,7467,3435,575,3054,18,331,453,6207,1056,,207030
2023-05-29,Shahed-136/131,35,29,,313,298,3801,7467,3435,575,3054,18,331,453,6207,1056,,207030
2023-05-29,Unknown UAV,1,1,,313,298,3801,7467,3435,575,3054,18,331,453,6207,1056,,207030
2023-05-29,Iskander-M and Iskander-K,11,11,,313,298,3801,7467,3435,575,3054,18,331,453,6207,1056,,207030
2023-05-29,Shahed-136/131,31,29,,313,298,3801,7467,3435,575,3054,18,331,453,6207,1056,,207030
2023-05-31,Merlin-VR,2,2,6639818,313,298,3802,7472,3460,575,3124,18,333,454,6230,1107,,207910
2023-05-31,Lancet,2,2,6639818,313,298,3802,7472,3460,575,3124,18,333,454,6230,1107,,207910
2023-05-31,Orlan-10,1,1,6639818,313,298,3802,7472,3460,575,3124,18,333,454,6230,1107,,207910
2023-06-01,Iskander-M,7,7,6590591,313,298,3804,7478,3474,575,3131,18,333,458,6239,1107,,208370
2023-06-01,Iskander-K,3,3,6590591,313,298,3804,7478,3474,575,3131,18,333,458,6239,1107,,208370
2023-06-01,Shahed-136/131,21,21,6590591,313,298,3804,7478,3474,575,3131,18,333,458,6239,1107,,208370
2023-06-02,X-101/X-555,15,15,6593189,313,298,3819,7490,3501,575,3137,18,335,465,6267,1117,,208910
2023-06-04,X-101/X-555,6,4,6418437,313,298,3837,7512,3555,583,3175,18,344,479,6305,1132,,209940
2023-06-04,Shahed-136/131,5,3,6418437,313,298,3837,7512,3555,583,3175,18,344,479,6305,1132,,209940
2023-06-06,X-101/X-555,35,35,5807856,313,299,3860,7543,3603,590,3212,18,351,489,6332,1171,,211150
2023-06-07,Orlan-10,1,1,5808450,314,299,3873,7560,3640,594,3219,18,352,492,6349,1171,,212030
2023-06-07,Lancet,1,1,5808450,314,299,3873,7560,3640,594,3219,18,352,492,6349,1171,,212030
2023-06-08,Kalibr,2,0,,314,299,3891,7576,3668,595,3234,18,355,500,6384,1171,,212760
2023-06-08,X-101/X-555,6,4,,314,299,3891,7576,3668,595,3234,18,355,500,6384,1171,,212760
2023-06-08,Shahed-136/131 and Lancet,16,10,,314,299,3891,7576,3668,595,3234,18,355,500,6384,1171,,212760
2023-06-08,Orlan-10 and Supercam,4,4,,314,299,3891,7576,3668,595,3234,18,355,500,6384,1171,,212760
2023-06-09,Orlan-10 and ZALA and Supercam,12,12,,314,299,3901,7600,3702,599,3247,18,359,502,6410,1171,,213770
2023-06-09,Unknown Missile,8,2,,314,299,3901,7600,3702,599,3247,18,359,502,6410,1171,,213770
2023-06-09,Shahed-136/131,35,20,,314,299,3901,7600,3702,599,3247,18,359,502,6410,1171,,213770
2023-06-11,Shahed-136/131,6,6,5808810,314,299,3926,7631,3736,601,3300,18,362,509,6461,1183,,215640
2023-06-13,X-101/X-555,14,10,5784599,314,300,3935,7642,3766,601,3309,18,363,511,6473,1183,,216650
2023-06-13,Shahed-136/131,4,1,5784599,314,300,3935,7642,3766,601,3309,18,363,511,6473,1183,,216650
2023-06-14,Kalibr,4,3,5819909,314,300,3943,7653,3783,603,3324,18,364,516,6482,1196,,217330
2023-06-14,Shahed-136/131,10,9,5819909,314,300,3943,7653,3783,603,3324,18,364,516,6482,1196,,217330
2023-06-14,X-22,6,0,5819909,314,300,3943,7653,3783,603,3324,18,364,516,6482,1196,,217330
2023-06-15,X-101/X-555,4,1,5819164,314,301,3955,7667,3793,604,3333,18,364,519,6506,1199,,217910
2023-06-15,Shahed-136/131,20,20,5819164,314,301,3955,7667,3793,604,3333,18,364,519,6506,1199,,217910
2023-06-15,Orlan-10,2,2,5819164,314,301,3955,7667,3793,604,3333,18,364,519,6506,1199,,217910
2023-06-15,Orlan-30,1,1,5819164,314,301,3955,7667,3793,604,3333,18,364,519,6506,1199,,217910
2023-06-15,Lancet,1,1,5819164,314,301,3955,7667,3793,604,3333,18,364,519,6506,1199,,217910
2023-06-15,ZALA,1,1,5819164,314,301,3955,7667,3793,604,3333,18,364,519,6506,1199,,217910
2023-06-15,Reconnaissance UAV,1,1,5819164,314,301,3955,7667,3793,604,3333,18,364,519,6506,1199,,217910
2023-06-16,Shahed-136/131,2,2,5818277,314,301,3965,7683,3812,606,3357,18,364,519,6519,1199,,218500
2023-06-16,Kalibr,6,6,5818277,314,301,3965,7683,3812,606,3357,18,364,519,6519,1199,,218500
2023-06-16,X-47 Kinzhal,6,6,5818277,314,301,3965,7683,3812,606,3357,18,364,519,6519,1199,,218500
2023-06-16,Reconnaissance UAV,2,2,5818277,314,301,3965,7683,3812,606,3357,18,364,519,6519,1199,,218500
2023-06-17,Shahed-136/131,4,4,,314,302,3977,7706,3834,609,3364,18,364,520,6557,1211,,219170
2023-06-17,Lancet,1,1,,314,302,3977,7706,3834,609,3364,18,364,520,6557,1211,,219170
2023-06-17,Orlan-10 and Orlan-30 and ZALA and Supercam,7,7,,314,302,3977,7706,3834,609,3364,18,364,520,6557,1211,,219170
2023-06-19,Shahed-136/131,4,4,5829358,314,305,3989,7735,3865,610,3383,18,370,526,6613,1211,,220450
2023-06-19,Kalibr,4,4,5829358,314,305,3989,7735,3865,610,3383,18,370,526,6613,1211,,220450
2023-06-20,Shahed-136/131,35,32,5843956,314,306,3997,7750,3888,614,3393,18,372,531,6645,1214,,221460
2023-06-20,Reconnaissance UAV,4,4,5843956,314,306,3997,7750,3888,614,3393,18,372,531,6645,1214,,221460
2023-06-20,Shahed-136/131,6,6,5843956,314,306,3997,7750,3888,614,3393,18,372,531,6645,1214,,221460
2023-06-22,Shahed-136/131,4,3,,314,307,4013,7783,3941,617,3438,18,376,539,6678,1214,,222650
2023-06-22,X-22,3,0,,314,307,4013,7783,3941,617,3438,18,376,539,6678,1214,,222650
2023-06-22,X-47 Kinzhal,3,0,,314,307,4013,7783,3941,617,3438,18,376,539,6678,1214,,222650
2023-06-23,X-101/X-555,13,13,5844026,314,307,4017,7798,3985,617,3447,18,379,545,6708,1214,,223330
2023-06-23,Reconnaissance UAV,1,1,5844026,314,307,4017,7798,3985,617,3447,18,379,545,6708,1214,,223330
2023-06-24,X-101/X-555,40,40,,314,308,4024,7804,4015,619,3460,18,383,548,6731,1228,,223910
2023-06-24,X-22,9,0,,314,308,4024,7804,4015,619,3460,18,383,548,6731,1228,,223910
2023-06-24,Kalibr,2,1,,314,308,4024,7804,4015,619,3460,18,383,548,6731,1228,,223910
2023-06-24,Shahed-136/131,2,2,,314,308,4024,7804,4015,619,3460,18,383,548,6731,1228,,223910
2023-06-26,Kalibr,3,2,5856484,314,308,4031,7820,4055,624,3482,18,385,557,6751,1259,,225580
2023-06-26,Shahed-136/131,8,7,5856484,314,308,4031,7820,4055,624,3482,18,385,557,6751,1259,,225580
2023-06-26,Unknown UAV,4,4,5856484,314,308,4031,7820,4055,624,3482,18,385,557,6751,1259,,225580
2023-06-28,Shahed-136/131,6,6,,314,308,4036,7847,4089,627,3499,18,387,563,6774,1261,,227100
2023-06-30,Shahed-136/131,13,10,5759723,315,308,4041,7863,4127,630,3519,18,389,569,6785,1261,,228340
2023-06-30,C-300,4,0,5759723,315,308,4041,7863,4127,630,3519,18,389,569,6785,1261,,228340
2023-07-02,Kalibr,3,3,5768520,315,308,4052,7888,4188,637,3557,18,390,583,6816,1261,,229660
2023-07-02,Shahed-136/131,8,8,5768520,315,308,4052,7888,4188,637,3557,18,390,583,6816,1261,,229660
2023-07-03,Shahed-136/131,17,13,5771241,315,309,4057,7899,4220,641,3573,18,391,590,6834,1264,,230260
2023-07-05,Lancet,4,4,,315,309,4062,7917,4288,656,3614,18,395,598,6865,1264,,231700
2023-07-05,Merlin-VR,2,2,,315,309,4062,7917,4288,656,3614,18,395,598,6865,1264,,231700
2023-07-05,ZALA,1,1,,315,309,4062,7917,4288,656,3614,18,395,598,6865,1264,,231700
2023-07-05,Orlan-10,1,1,,315,309,4062,7917,4288,656,3614,18,395,598,6865,1264,,231700
2023-07-06,Kalibr,10,7,5772979,315,309,4068,7932,4310,657,3635,18,404,605,6888,1264,,232300
2023-07-07,Shahed-136/131,18,12,5773090,315,309,4070,7944,4330,658,3652,18,408,612,6898,1271,,232810
2023-07-08,Shahed-136/131,5,5,,315,309,4074,7953,4346,661,3666,18,410,619,6914,1271,,233440
2023-07-10,Lancet,3,3,5792037,315,309,4085,7966,4371,668,3686,18,414,632,6937,1271,,234480
2023-07-10,Reconnaissance UAV,4,4,5792037,315,309,4085,7966,4371,668,3686,18,414,632,6937,1271,,234480
2023-07-11,ZALA,1,1,5764068,315,310,4089,7983,4385,672,3693,18,414,640,6966,1271,,235020
2023-07-11,Shahed-136/131,28,26,5764068,315,310,4089,7983,4385,672,3693,18,414,640,6966,1271,,235020
2023-07-12,Shahed-136/131,15,11,5764332,315,310,4090,7990,4402,674,3726,18,415,647,6978,1271,,235530
2023-07-13,Shahed-136/131,20,20,5763275,315,310,4092,7999,4425,678,3752,18,421,652,6995,1271,,236040
2023-07-13,Kalibr,2,2,5763275,315,310,4092,7999,4425,678,3752,18,421,652,6995,1271,,236040
2023-07-13,Iskander-M,1,0,5763275,315,310,4092,7999,4425,678,3752,18,421,652,6995,1271,,236040
2023-07-13,Reconnaissance UAV,6,6,5763275,315,310,4092,7999,4425,678,3752,18,421,652,6995,1271,,236040
2023-07-13,Shahed-136/131,17,16,5763275,315,310,4092,7999,4425,678,3752,18,421,652,6995,1271,,236040
2023-07-13,Reconnaissance UAV,1,1,5763275,315,310,4092,7999,4425,678,3752,18,421,652,6995,1271,,236040
2023-07-14,Orlan-10 and ZALA,3,3,5763518,315,310,4097,8008,4449,680,3783,18,423,662,7019,1273,,236590
2023-07-14,Lancet,3,3,5763518,315,310,4097,8008,4449,680,3783,18,423,662,7019,1273,,236590
2023-07-15,Shahed-136/131,6,4,5763963,315,310,4102,8019,4463,680,3807,18,425,664,7036,1273,,237180
2023-07-17,Shahed-136/131,3,3,5771003,315,310,4115,8034,4504,685,3828,18,428,677,7059,1273,,238300
2023-07-17,Lancet,1,1,5771003,315,310,4115,8034,4504,685,3828,18,428,677,7059,1273,,238300
2023-07-17,Reconnaissance UAV,9,9,5771003,315,310,4115,8034,4504,685,3828,18,428,677,7059,1273,,238300
2023-07-18,Shahed-136/131,36,31,5774047,315,310,4119,8051,4542,689,3839,18,428,677,7086,1273,,239010
2023-07-18,Reconnaissance UAV,1,1,5774047,315,310,4119,8051,4542,689,3839,18,428,677,7086,1273,,239010
2023-07-18,Kalibr,6,6,5774047,315,310,4119,8051,4542,689,3839,18,428,677,7086,1273,,239010
2023-07-19,Shahed-136/131,32,23,,315,310,4123,8059,4573,689,3885,18,430,683,7105,1279,,239480
2023-07-19,X-59,1,1,,315,310,4123,8059,4573,689,3885,18,430,683,7105,1279,,239480
2023-07-19,Kalibr,16,13,,315,310,4123,8059,4573,689,3885,18,430,683,7105,1279,,239480
2023-07-19,X-22,8,0,,315,310,4123,8059,4573,689,3885,18,430,683,7105,1279,,239480
2023-07-19,P-800 Oniks,6,0,,315,310,4123,8059,4573,689,3885,18,430,683,7105,1279,,239480
2023-07-20,Shahed-136/131,19,13,5758340,315,310,4129,8065,4592,692,3918,18,433,685,7134,1293,,240010
2023-07-20,Kalibr,3,2,5758340,315,310,4129,8065,4592,692,3918,18,433,685,7134,1293,,240010
2023-07-20,Iskander-K,5,3,5758340,315,310,4129,8065,4592,692,3918,18,433,685,7134,1293,,240010
2023-07-20,P-800 Oniks,7,0,5758340,315,310,4129,8065,4592,692,3918,18,433,685,7134,1293,,240010
2023-07-20,X-22,4,0,5758340,315,310,4129,8065,4592,692,3918,18,433,685,7134,1293,,240010
2023-07-21,Reconnaissance UAV,9,9,5758465,315,310,4133,8080,4610,692,3933,18,440,686,7145,1298,,240690
2023-07-22,Shahed-136/131,5,5,5759829,315,310,4140,8096,4629,693,3944,18,448,691,7159,1298,,241330
2023-07-23,P-800 Oniks,5,0,5766199,315,310,4151,8105,4658,697,3958,18,451,696,7172,1298,,241960
2023-07-23,X-22,3,0,5766199,315,310,4151,8105,4658,697,3958,18,451,696,7172,1298,,241960
2023-07-23,Kalibr,4,4,5766199,315,310,4151,8105,4658,697,3958,18,451,696,7172,1298,,241960
2023-07-23,Iskander-K,5,5,5766199,315,310,4151,8105,4658,697,3958,18,451,696,7172,1298,,241960
2023-07-23,Iskander-M,2,2,5766199,315,310,4151,8105,4658,697,3958,18,451,696,7172,1298,,241960
2023-07-24,Shahed-136/131,3,3,5772789,315,310,4162,8118,4675,697,3963,18,452,698,7182,1307,,242620
2023-07-26,Kalibr,3,3,5770570,315,311,4177,8136,4727,698,3993,18,457,708,7211,1307,,243680
2023-07-26,X-101/X-555,36,33,5770570,315,311,4177,8136,4727,698,3993,18,457,708,7211,1307,,243680
2023-07-26,X-47 Kinzhal,4,0,5770570,315,311,4177,8136,4727,698,3993,18,457,708,7211,1307,,243680
2023-07-27,Kalibr,2,0,5772940,315,311,4186,8147,4745,698,3996,18,457,708,7229,1347,,244270
2023-07-27,Shahed-136/131,8,8,5772940,315,311,4186,8147,4745,698,3996,18,457,708,7229,1347,,244270
2023-07-29,Reconnaissance UAV,4,4,,315,311,4191,8167,4786,698,4007,18,458,710,7247,1347,,245220
2023-07-30,Shahed-136/131,4,4,5776947,315,311,4205,8178,4795,698,4011,18,459,711,7275,1347,,245700
2023-08-02,Shahed-136/131,23,23,,315,311,4217,8213,4866,700,4042,18,463,718,7349,1347,,247230
2023-08-02,Reconnaissance UAV,7,7,,315,311,4217,8213,4866,700,4042,18,463,718,7349,1347,,247230
2023-08-03,Shahed-136/131,15,15,5791490,315,311,4224,8234,4892,704,4077,18,465,721,7372,1347,,247850
2023-08-05,Kalibr,14,13,,315,311,4232,8251,4943,704,4116,18,466,730,7422,1347,,249110
2023-08-05,X-47 Kinzhal,3,0,,315,311,4232,8251,4943,704,4116,18,466,730,7422,1347,,249110
2023-08-05,Shahed-136/131,27,27,,315,311,4232,8251,4943,704,4116,18,466,730,7422,1347,,249110
2023-08-05,Kalibr,6,5,,315,311,4232,8251,4943,704,4116,18,466,730,7422,1347,,249110
2023-08-05,X-101/X-555,20,13,,315,311,4232,8251,4943,704,4116,18,466,730,7422,1347,,249110
2023-08-10,Shahed-136/131,10,7,5799127,315,313,4278,8303,5028,711,4179,18,469,746,7495,1377,,252200
2023-08-11,X-47 Kinzhal,4,1,5799442,315,313,4290,8318,5043,713,4197,18,471,756,7511,1377,,252780
2023-08-12,Shahed-136/131,5,3,,315,313,4295,8324,5053,713,4201,18,472,759,7523,1378,,253290
2023-08-14,Shahed-136/131,15,15,5807142,315,313,4306,8354,5099,714,4213,18,479,766,7562,1379,,254380
2023-08-14,Kalibr,8,8,5807142,315,313,4306,8354,5099,714,4213,18,479,766,7562,1379,,254380
2023-08-15,Kalibr,4,2,5800798,315,314,4313,8370,5128,714,4242,18,482,769,7584,1387,,254920
2023-08-15,X-22,4,0,5800798,315,314,4313,8370,5128,714,4242,18,482,769,7584,1387,,254920
2023-08-15,X-101/X-555,20,14,5800798,315,314,4313,8370,5128,714,4242,18,482,769,7584,1387,,254920
2023-08-15,C-300 and C-400,8,0,5800798,315,314,4313,8370,5128,714,4242,18,482,769,7584,1387,,254920
2023-08-15,Shahed-136/131,13,13,5800798,315,314,4313,8370,5128,714,4242,18,482,769,7584,1387,,254920
2023-08-16,Shahed-136/131,3,3,,315,314,4324,8380,5152,714,4248,18,485,773,7614,1404,,255570
2023-08-18,Lancet,1,1,5801037,315,316,4332,8410,5193,714,4276,18,486,783,7658,1406,,256510
2023-08-18,Reconnaissance UAV,6,6,5801037,315,316,4332,8410,5193,714,4276,18,486,783,7658,1406,,256510
2023-08-19,Shahed-136/131,17,15,5803550,315,316,4340,8424,5212,714,4282,18,486,785,7665,1406,,257010
2023-08-23,Shahed-136/131,20,11,5802110,315,316,4373,8488,5318,722,4324,18,491,800,7745,1406,,258820
2023-08-24,Iskander-K,1,1,5801789,315,316,4375,8511,5333,723,4344,18,494,801,7773,1406,,259160
2023-08-25,X-59,2,2,5801884,315,316,4378,8521,5361,724,4356,18,495,802,7790,1409,,259630
2023-08-25,Kalibr,2,2,5801884,315,316,4378,8521,5361,724,4356,18,495,802,7790,1409,,259630
2023-08-25,Shahed-136/131,1,1,5801884,315,316,4378,8521,5361,724,4356,18,495,802,7790,1409,,259630
2023-08-26,Shahed-136/131,2,2,,315,316,4390,8539,5379,726,4367,18,497,804,7823,1411,,260270
2023-08-27,Shahed-136/131,2,2,5801741,315,316,4396,8554,5403,728,4378,18,498,808,7854,1411,,260820
2023-08-27,X-101/X-555,8,4,5801741,315,316,4396,8554,5403,728,4378,18,498,808,7854,1411,,260820
2023-08-28,X-59,2,2,5803863,315,316,4400,8562,5425,730,4383,18,499,809,7866,1415,,261310
2023-08-28,Kalibr,4,2,5803863,315,316,4400,8562,5425,730,4383,18,499,809,7866,1415,,261310
2023-08-30,X-101/X-555,28,28,5807976,315,316,4423,8596,5476,733,4395,18,500,825,7953,1419,,262410
2023-08-30,Shahed-136/131,16,15,5807976,315,316,4423,8596,5476,733,4395,18,500,825,7953,1419,,262410
2023-09-01,Kalibr,2,1,5813875,315,316,4459,8613,5530,735,4421,18,500,831,8009,1445,,263490
2023-09-03,Shahed-136/131,25,22,5813454,315,316,4476,8649,5582,739,4444,18,502,841,8102,1447,,264660
2023-09-04,Shahed-136/131,32,23,5813534,315,316,4480,8663,5611,741,4481,19,503,847,8149,1447,,265120
2023-09-06,Shahed-136/131,25,15,,315,316,4497,8682,5685,748,4519,19,505,852,8190,1447,,266290
2023-09-06,X-101/X-555,7,7,,315,316,4497,8682,5685,748,4519,19,505,852,8190,1447,,266290
2023-09-06,Iskander-M,1,1,,315,316,4497,8682,5685,748,4519,19,505,852,8190,1447,,266290
2023-09-07,Shahed-136/131,33,25,5820715,315,316,4506,8703,5722,753,4541,19,506,859,8217,1455,,266900
2023-09-08,Shahed-136/131,20,16,,315,316,4529,8726,5753,754,4570,19,507,860,8264,1455,,267540
2023-09-10,Shahed-136/131,33,26,5824171,315,316,4554,8755,5811,760,4593,19,509,872,8338,1455,,268630
2023-09-11,Shahed-136/131,12,12,,315,316,4560,8767,5839,760,4628,19,512,877,8370,1455,,269210
2023-09-11,Unknown UAV,1,1,,315,316,4560,8767,5839,760,4628,19,512,877,8370,1455,,269210
2023-09-13,Shahed-136/131,44,32,,315,316,4584,8792,5902,766,4650,19,517,884,8444,1455,,270350
2023-09-13,Shahed-136/131,22,17,,315,316,4584,8792,5902,766,4650,19,517,884,8444,1455,,270350
2023-09-15,Shahed-136/131,17,17,5824466,315,316,4612,8814,5972,774,4714,20,521,889,8492,1455,1,271440
2023-09-17,Shahed-136/131,6,6,5832709,315,316,4620,8828,6003,776,4742,20,523,896,8537,1455,1,272320
2023-09-17,X-101/X-555,10,6,5832709,315,316,4620,8828,6003,776,4742,20,523,896,8537,1455,1,272320
2023-09-18,Shahed-136/131,24,18,5837424,315,316,4623,8834,6027,776,4769,20,525,901,8571,1462,1,272940
2023-09-18,X-101/X-555,17,17,5837424,315,316,4623,8834,6027,776,4769,20,525,901,8571,1462,1,272940
2023-09-19,Shahed-136/131,30,27,5812085,315,316,4628,8851,6062,778,4784,20,526,903,8601,1479,1,273460
2023-09-19,Reconnaissance UAV,1,1,5812085,315,316,4628,8851,6062,778,4784,20,526,903,8601,1479,1,273460
2023-09-19,Iskander-M,1,0,5812085,315,316,4628,8851,6062,778,4784,20,526,903,8601,1479,1,273460
2023-09-20,Shahed-136/131,24,17,5812085,315,316,4635,8868,6096,779,4821,20,526,906,8633,1479,1,273980
2023-09-21,X-101/X-555,43,36,5812104,315,316,4638,8883,6137,781,4850,20,528,911,8670,1479,1,274470
2023-09-21,C-300,6,0,5812104,315,316,4638,8883,6137,781,4850,20,528,911,8670,1479,1,274470
2023-09-23,Shahed-136/131,15,14,,315,316,4655,8912,6210,789,4867,20,530,912,8716,1518,1,275460
2023-09-23,Orlan-10,2,2,,315,316,4655,8912,6210,789,4867,20,530,912,8716,1518,1,275460
2023-09-24,Lancet,3,3,5818360,315,316,4662,8914,6233,789,4888,20,531,914,8734,1518,1,275850
2023-09-24,Reconnaissance UAV,4,4,5818360,315,316,4662,8914,6233,789,4888,20,531,914,8734,1518,1,275850
2023-09-25,Shahed-136/131,19,19,5819120,315,316,4667,8927,6260,791,4895,20,533,918,8746,1518,1,276270
2023-09-25,Kalibr,12,11,5819120,315,316,4667,8927,6260,791,4895,20,533,918,8746,1518,1,276270
2023-09-25,P-800 Oniks,2,0,5819120,315,316,4667,8927,6260,791,4895,20,533,918,8746,1518,1,276270
2023-09-26,Shahed-136/131,38,26,5814296,315,316,4672,8946,6299,792,4924,20,533,925,8763,1529,1,276670
2023-09-27,Orlan-10 and ZALA and Supercam,6,6,,315,316,4675,8950,6337,792,4948,20,534,927,8792,1529,1,276990
2023-09-28,Shahed-136/131,44,34,5814363,315,316,4679,8962,6375,793,4957,20,535,929,8815,1529,1,277320
2023-09-30,Shahed-136/131,40,30,5832420,315,316,4691,8984,6447,796,5006,20,537,932,8854,1529,1,278130
2023-10-01,Shahed-136/131,30,16,5835725,316,316,4702,8991,6477,798,5043,20,537,933,8883,1529,1,278570
2023-10-01,Merlin-VR,3,3,5835725,316,316,4702,8991,6477,798,5043,20,537,933,8883,1529,1,278570
2023-10-02,Shahed-136/131,7,4,5835771,316,316,4712,9000,6525,801,5061,20,537,938,8909,1529,1,279080
2023-10-03,Shahed-136/131,31,29,5833639,315,316,4732,9008,6565,801,5080,20,540,943,8932,1529,1,279440
2023-10-03,Iskander-K,1,1,5833639,315,316,4732,9008,6565,801,5080,20,540,943,8932,1529,1,279440
2023-10-05,Shahed-136/131,29,24,5833721,315,316,4757,9052,6643,804,5129,20,540,948,8980,1530,1,280470
2023-10-06,Shahed-136/131,33,25,5833812,315,316,4777,9082,6666,806,5158,20,540,951,9015,1530,1,281090
2023-10-10,Shahed-136/131,36,27,5822153,315,316,4829,9129,6713,808,5207,20,544,961,9125,1530,1,283080
2023-10-11,Supercam,1,1,5833207,316,316,4863,9220,6731,809,5226,20,545,965,9145,1530,1,283900
2023-10-12,Shahed-136/131,33,28,5832506,316,316,4905,9264,6763,811,5247,20,545,966,9170,1531,1,284890
2023-10-15,Unknown UAV,1,1,5827866,317,316,4948,9362,6866,813,5269,20,547,976,9249,1531,1,287770
2023-10-16,Shahed-136/131,12,11,5826579,318,317,4965,9385,6910,814,5280,20,547,981,9271,1531,1,288630
2023-10-16,X-59,5,2,5826579,318,317,4965,9385,6910,814,5280,20,547,981,9271,1531,1,288630
2023-10-16,Iskander-M,1,0,5826579,318,317,4965,9385,6910,814,5280,20,547,981,9271,1531,1,288630
2023-10-17,Shahed-136/131,6,6,5826190,318,317,4979,9405,6936,814,5291,20,547,982,9293,1533,1,289430
2023-10-17,X-59,1,1,5826190,318,317,4979,9405,6936,814,5291,20,547,982,9293,1533,1,289430
2023-10-17,C-300,2,0,5826190,318,317,4979,9405,6936,814,5291,20,547,982,9293,1533,1,289430
2023-10-18,Lancet,1,1,5826910,319,323,4981,9420,6944,814,5301,20,547,982,9303,1534,1,290050
2023-10-18,Shahed-136/131,9,3,5826910,319,323,4981,9420,6944,814,5301,20,547,982,9303,1534,1,290050
2023-10-18,X-59,1,1,5826910,319,323,4981,9420,6944,814,5301,20,547,982,9303,1534,1,290050
2023-10-18,C-300,1,0,5826910,319,323,4981,9420,6944,814,5301,20,547,982,9303,1534,1,290050
2023-10-18,Iskander-M,5,0,5826910,319,323,4981,9420,6944,814,5301,20,547,982,9303,1534,1,290050
2023-10-18,Unknown Missile,1,0,5826910,319,323,4981,9420,6944,814,5301,20,547,982,9303,1534,1,290050
2023-10-21,Lancet,3,3,,320,324,5063,9612,7017,822,5330,20,548,990,9391,1535,1,292850
2023-10-22,X-59,1,1,5828837,320,324,5081,9631,7032,825,5339,20,549,991,9404,1535,1,293830
2023-10-22,C-300,8,0,5828837,320,324,5081,9631,7032,825,5339,20,549,991,9404,1535,1,293830
2023-10-22,Shahed-136/131,3,3,5828837,320,324,5081,9631,7032,825,5339,20,549,991,9404,1535,1,293830
2023-10-22,Unknown UAV,2,0,5828837,320,324,5081,9631,7032,825,5339,20,549,991,9404,1535,1,293830
2023-10-23,X-59,1,1,,320,324,5093,9653,7057,825,5345,20,551,998,9419,1536,1,294700
2023-10-23,Shahed-136/131,13,13,,320,324,5093,9653,7057,825,5345,20,551,998,9419,1536,1,294700
2023-10-23,Unknown UAV,1,1,,320,324,5093,9653,7057,825,5345,20,551,998,9419,1536,1,294700
2023-10-24,Shahed-136/131,6,6,5831972,320,324,5105,9669,7081,828,5363,20,552,1006,9447,1537,1,295510
2023-10-24,X-59,1,1,5831972,320,324,5105,9669,7081,828,5363,20,552,1006,9447,1537,1,295510
2023-10-25,Shahed-136/131,11,11,,320,324,5112,9697,7125,833,5372,20,554,1007,9474,1538,1,296310
2023-10-27,Shahed-136/131,6,5,5832415,320,324,5145,9726,7162,834,5390,20,556,1011,9513,1538,1,297680
2023-10-27,Iskander-M,1,0,5832415,320,324,5145,9726,7162,834,5390,20,556,1011,9513,1538,1,297680
2023-10-27,X-59,3,3,5832415,320,324,5145,9726,7162,834,5390,20,556,1011,9513,1538,1,297680
2023-10-27,Lancet,2,2,5832415,320,324,5145,9726,7162,834,5390,20,556,1011,9513,1538,1,297680
2023-10-28,Iskander-K,4,3,,320,324,5167,9749,7180,834,5399,20,558,1011,9524,1541,1,298420
2023-10-29,Shahed-136/131,5,5,5844125,320,324,5175,9758,7188,834,5399,20,558,1012,9532,1544,1,299080
2023-10-29,X-59,1,0,5844125,320,324,5175,9758,7188,834,5399,20,558,1012,9532,1544,1,299080
2023-10-29,X-59,2,2,5844125,320,324,5175,9758,7188,834,5399,20,558,1012,9532,1544,1,299080
2023-10-29,Shahed-136/131,12,12,5844125,320,324,5175,9758,7188,834,5399,20,558,1012,9532,1544,1,299080
2023-10-29,Lancet,3,3,5844125,320,324,5175,9758,7188,834,5399,20,558,1012,9532,1544,1,299080
2023-10-29,Merlin-VR,1,1,5844125,320,324,5175,9758,7188,834,5399,20,558,1012,9532,1544,1,299080
2023-10-30,Lancet,2,2,5845604,321,324,5190,9775,7202,834,5419,20,559,1014,9555,1544,1,299940
2023-10-31,Shahed-136/131,1,1,5849140,321,324,5211,9804,7227,844,5440,20,562,1016,9590,1546,1,300810
2023-10-31,Lancet,3,3,5849140,321,324,5211,9804,7227,844,5440,20,562,1016,9590,1546,1,300810
2023-10-31,Supercam,1,1,5849140,321,324,5211,9804,7227,844,5440,20,562,1016,9590,1546,1,300810
2023-11-01,Shahed-136/131,20,18,5853746,321,324,5223,9834,7250,846,5468,20,563,1019,9624,1547,1,301490
2023-11-01,X-59,1,1,5853746,321,324,5223,9834,7250,846,5468,20,563,1019,9624,1547,1,301490
2023-11-01,X-59,2,2,5853746,321,324,5223,9834,7250,846,5468,20,563,1019,9624,1547,1,301490
2023-11-01,Orlan-10,1,1,5853746,321,324,5223,9834,7250,846,5468,20,563,1019,9624,1547,1,301490
2023-11-02,X-59,1,1,5853610,322,324,5241,9877,7292,850,5488,20,566,1032,9658,1549,1,302420
2023-11-02,Lancet,1,1,5853610,322,324,5241,9877,7292,850,5488,20,566,1032,9658,1549,1,302420
2023-11-03,Shahed-136/131,40,24,5853692,322,324,5265,9901,7328,854,5495,20,566,1034,9691,1551,1,303270
2023-11-03,X-59,1,1,5853692,322,324,5265,9901,7328,854,5495,20,566,1034,9691,1551,1,303270
2023-11-03,Lancet,1,1,5853692,322,324,5265,9901,7328,854,5495,20,566,1034,9691,1551,1,303270
2023-11-04,Shahed-136/131,2,2,,322,324,5276,9939,7363,861,5534,20,568,1038,9716,1551,1,304100
2023-11-04,Iskander-K,3,3,,322,324,5276,9939,7363,861,5534,20,568,1038,9716,1551,1,304100
2023-11-05,X-59,1,1,5856342,322,324,5284,9953,7375,867,5534,20,570,1047,9730,1554,1,305090
2023-11-05,Shahed-136/131,22,15,5856342,322,324,5284,9953,7375,867,5534,20,570,1047,9730,1554,1,305090
2023-11-05,X-59,1,1,5856342,322,324,5284,9953,7375,867,5534,20,570,1047,9730,1554,1,305090
2023-11-05,X-31,1,0,5856342,322,324,5284,9953,7375,867,5534,20,570,1047,9730,1554,1,305090
2023-11-05,P-800 Oniks,1,0,5856342,322,324,5284,9953,7375,867,5534,20,570,1047,9730,1554,1,305090
2023-11-05,Iskander-M,1,0,5856342,322,324,5284,9953,7375,867,5534,20,570,1047,9730,1554,1,305090
2023-11-06,Orlan-10,1,0,5858061,322,324,5288,9958,7389,867,5554,20,570,1047,9744,1556,1,305970
2023-11-06,Shahed-136/131,1,1,5858061,322,324,5288,9958,7389,867,5554,20,570,1047,9744,1556,1,305970
2023-11-09,X-59,1,1,,322,324,5316,10014,7475,875,5593,20,577,1059,9853,1557,1,308720
2023-11-10,Shahed-136/131,6,5,,322,324,5317,10017,7489,877,5595,20,578,1060,9876,1558,1,309520
2023-11-10,X-31,1,1,,322,324,5317,10017,7489,877,5595,20,578,1060,9876,1558,1,309520
2023-11-10,X-59,1,0,,322,324,5317,10017,7489,877,5595,20,578,1060,9876,1558,1,309520
2023-11-10,Merlin-VR,1,1,,322,324,5317,10017,7489,877,5595,20,578,1060,9876,1558,1,309520
2023-11-10,Shahed-136/131,31,19,,322,324,5317,10017,7489,877,5595,20,578,1060,9876,1558,1,309520
2023-11-10,X-31,1,0,,322,324,5317,10017,7489,877,5595,20,578,1060,9876,1558,1,309520
2023-11-10,P-800 Oniks,1,0,,322,324,5317,10017,7489,877,5595,20,578,1060,9876,1558,1,309520
2023-11-10,C-300,1,0,,322,324,5317,10017,7489,877,5595,20,578,1060,9876,1558,1,309520
2023-11-11,Iskander-M,1,1,,322,324,5342,10041,7527,879,5620,22,579,1069,9925,1559,1,310650
2023-11-12,X-59,2,1,5905133,322,324,5349,10073,7559,881,5632,22,580,1078,9944,1560,1,311750
2023-11-12,Iskander-M,1,0,5905133,322,324,5349,10073,7559,881,5632,22,580,1078,9944,1560,1,311750
2023-11-13,Orlan-10,2,2,,322,324,5354,10079,7569,881,5634,22,580,1079,9949,1561,1,312550
2023-11-13,Merlin-VR,3,3,,322,324,5354,10079,7569,881,5634,22,580,1079,9949,1561,1,312550
2023-11-14,Shahed-136/131,9,7,5900279,322,324,5362,10086,7589,882,5649,22,580,1081,9973,1561,1,313470
2023-11-14,Iskander-M,1,0,5900279,322,324,5362,10086,7589,882,5649,22,580,1081,9973,1561,1,313470
2023-11-14,X-35,1,0,5900279,322,324,5362,10086,7589,882,5649,22,580,1081,9973,1561,1,313470
2023-11-15,X-59,1,1,5900721,323,324,5377,10104,7647,884,5675,22,582,1083,10020,1562,1,314290
2023-11-16,Shahed-136/131,18,16,5900708,323,324,5388,10121,7683,892,5689,22,585,1084,10060,1563,1,315620
2023-11-17,Shahed-136/131,10,9,5900727,323,324,5415,10132,7712,895,5709,22,585,1086,10077,1563,1,316760
2023-11-17,Shahed-136/131,38,29,5900727,323,324,5415,10132,7712,895,5709,22,585,1086,10077,1563,1,316760
2023-11-19,Shahed-136/131,20,15,5901590,323,324,5435,10166,7744,898,5755,22,588,1096,10120,1563,1,318570
2023-11-21,Shahed-136/131,10,9,,323,324,5439,10174,7752,899,5771,22,588,1098,10134,1564,1,319820
2023-11-21,C-400,4,0,,323,324,5439,10174,7752,899,5771,22,588,1098,10134,1564,1,319820
2023-11-21,Iskander-K,1,1,,323,324,5439,10174,7752,899,5771,22,588,1098,10134,1564,1,319820
2023-11-21,Mohajer-6,1,1,,323,324,5439,10174,7752,899,5771,22,588,1098,10134,1564,1,319820
2023-11-21,Shahed-136/131,14,14,,323,324,5439,10174,7752,899,5771,22,588,1098,10134,1564,1,319820
2023-11-21,X-22,1,0,,323,324,5439,10174,7752,899,5771,22,588,1098,10134,1564,1,319820
2023-11-22,Shahed-136/131,2,2,,323,324,5446,10188,7769,899,5784,22,589,1105,10159,1564,1,320670
2023-11-24,Shahed-136/131,3,3,5901743,323,324,5496,10256,7833,904,5800,22,595,1108,10232,1564,1,322900
2023-11-24,Orlan-10,1,1,5901743,323,324,5496,10256,7833,904,5800,22,595,1108,10232,1564,1,322900
2023-11-25,X-59,1,1,,323,324,5502,10263,7851,905,5808,22,596,1112,10259,1565,1,323760
2023-11-25,Shahed-136/131,75,74,,323,324,5502,10263,7851,905,5808,22,596,1112,10259,1565,1,323760
2023-11-26,Shahed-136/131,9,8,5902785,323,324,5513,10279,7874,907,5901,22,597,1113,10288,1565,1,324830
2023-11-28,Shahed-136/131,1,1,,323,324,5523,10285,7876,907,5905,22,597,1113,10302,1565,1,326440
2023-11-28,Orlan-10,1,1,,323,324,5523,10285,7876,907,5905,22,597,1113,10302,1565,1,326440
2023-11-28,Iskander-M,1,0,,323,324,5523,10285,7876,907,5905,22,597,1113,10302,1565,1,326440
2023-11-28,Unknown UAV,1,1,,323,324,5523,10285,7876,907,5905,22,597,1113,10302,1565,1,326440
2023-11-28,ZALA,1,1,,323,324,5523,10285,7876,907,5905,22,597,1113,10302,1565,1,326440
